{"schemaVersion":"1.0","appDefinitionTemplate":{"id":"/providers/Microsoft.PowerApps/apps/","type":"Microsoft.PowerApps/apps","tags":{"sp-site-id":"https://grouprayogas.sharepoint.com/sites/Rayogas/Op","sp-list-id":"b6645f33-1a17-4858-9c14-16cc8efe49df","https://grouprayogas.sharepoint.com/sites/Rayogas/Op":"b6645f33-1a17-4858-9c14-16cc8efe49df","primaryDeviceWidth":"640","primaryDeviceHeight":"1136","supportsPortrait":"true","supportsLandscape":"true","primaryFormFactor":"Phone","showStatusBar":"false","publisherVersion":"3.24032.26","minimumRequiredApiVersion":"2.2.0","hasComponent":"false","hasUnlockedComponent":"false","isUnifiedRootApp":"false","offlineLargeFilesSupport":"false","sienaVersion":"20240402T212918Z-3.24032.26.0"},"properties":{"appVersion":"2024-04-02T21:29:18Z","lifeCycleId":"Published","createdByClientVersion":{"major":3,"minor":24032,"build":26,"revision":0,"majorRevision":0,"minorRevision":0},"minClientVersion":{"major":3,"minor":24032,"build":26,"revision":0,"majorRevision":0,"minorRevision":0},"backgroundColor":"rgba(178, 235, 251, 1)","backgroundImageUri":"/6842595067895175886/N993bf697-4e1f-4ad7-b1b4-43af918d8f4c-logoSmallFile","displayName":"Inventario Mantenimiento Cilindros App","description":"Inventario Full 2","commitMessage":"","appUris":{"documentUri":{"value":"/6842595067895175886/N5b5bcd1f-d776-43e7-96d7-ad2ae07637e0-document.msapp"},"imageUris":[],"additionalUris":[{"isSolutionAware":false,"value":"/6842595067895175886/Nedd5d9f6-dfd5-44b8-880f-b238e933c9dd-identity.json"}]},"createdTime":"0001-01-01T00:00:00Z","lastModifiedTime":"0001-01-01T00:00:00Z","sharedGroupsCount":0,"sharedUsersCount":0,"connectionReferences":{"6f93bc53-3546-4b6e-9349-e39179d86c11":{"id":"96f51dc9-ea0a-47ee-aebf-a92a36216ba6","displayName":"SharePoint","iconUri":"https://connectoricons-prod.azureedge.net/releases/v1.0.1682/1.0.1682.3676/sharepointonline/icon.png","dataSources":["InventarioMantenimientoCilindros"],"dependencies":[],"dependents":[],"parameterHints":{},"parameterHintsV2":{},"isOnPremiseConnection":false,"bypassConsent":false,"dataSets":{"https://grouprayogas.sharepoint.com/sites/Rayogas/Op":{"dataSources":{"InventarioMantenimientoCilindros":{"tableName":"b6645f33-1a17-4858-9c14-16cc8efe49df"}}}},"apiTier":"Standard","isCustomApiConnection":false,"actions":["providers/PowerPlatform.Governance/Operations/Read","providers/PowerPlatform.Governance/Operations/Write"]},"54de6cc3-540f-44cb-839c-8dcd0a35e6cb":{"id":"76c3e550-882a-4476-89f3-7eae56589263","displayName":"Usuarios de Office 365","iconUri":"https://connectoricons-prod.azureedge.net/releases/v1.0.1677/1.0.1677.3637/office365users/icon.png","dataSources":["UsuariosdeOffice365","UsuariosdeOffice365_1"],"dependencies":[],"dependents":[],"parameterHints":{},"parameterHintsV2":{},"isOnPremiseConnection":false,"bypassConsent":false,"dataSets":{},"apiTier":"Standard","isCustomApiConnection":false}},"databaseReferences":{},"almMode":"Environment","performanceOptimizationEnabled":true,"canConsumeAppPass":true,"enableModernRuntimeMode":false,"executionRestrictions":{"isTeamsOnly":false,"dataLossPreventionEvaluationResult":{"status":"Compliant","lastEvaluationDate":"2024-02-15T22:34:01.7586145Z","violations":[],"violationsByPolicy":[],"violationErrorMessage":"La aplicación usa los siguientes conectores: shared_sharepointonline."}}},"appType":"ClassicCanvasApp","appComponents":[]}}